-- ======================================================
-- 1. INSERTAR USUARIOS
-- ======================================================
INSERT INTO usuarios (nombre, correo_electronico, contrasena, direccion, metodo_pago, cargo) VALUES
('Juan Pérez', 'juan.perez@email.com', 'Qwerty123', 'Carrera 45 #10-20', 'Tarjeta de crédito', 'USER'),
('Ana Gómez', 'ana.gomez@email.com', 'Pass456', 'Calle 21 #35-50', 'PayPal', 'USER'),
('Carlos Ruiz', 'carlos.ruiz@email.com', 'Segura789', 'Avenida Principal #100', 'Transferencia bancaria', 'USER'),
('Sofía Martínez', 'sofia.martinez@email.com', 'Clave987', 'Calle 8 #20-30', 'Efectivo', 'USER'),
('Diego Fernández', 'diego.fernandez@email.com', 'Contra654', 'Carrera 77 #40-60', 'Tarjeta débito', 'USER');

-- ======================================================
-- 2. INSERTAR PRODUCTOS
-- ======================================================
INSERT INTO productos (id_producto, nombre, descripcion, precio, stock) VALUES
(1,'Laptop','Portátil con pantalla Full HD y SSD de 512GB',899990,10),
(2,'Smartphone','Teléfono con cámara de 108MP y carga rápida',699990,25),
(3,'Tablet','Dispositivo con pantalla táctil de 10 pulgadas',399990,15),
(4,'Auriculares','Audífonos inalámbricos con cancelación de ruido',129990,50),
(5,'Mouse','Ratón inalámbrico con sensor óptico de alta precisión',29999,35),
(6,'Monitor','Pantalla LED de 24" con resolución Full HD',129990,12),
(7,'Teclado','Teclado mecánico con retroiluminación RGB',89999,20),
(8,'Cámara','Cámara digital con zoom óptico de 12x',499990,8),
(9,'Smartwatch','Reloj inteligente con GPS y monitor cardíaco',199990,30),
(10,'Mini PC','Sistema de escritorio compacto y de bajo consumo',299990,10),
(11,'Silla Gamer','Silla ergonómica ajustable con soporte lumbar',199990,18),
(12,'Impresora','Impresora multifunción con conexión WiFi',149990,14),
(13,'Lavadora','Lavadora automática con capacidad de 10kg',999990,5),
(14,'Refrigerador','Refrigerador con congelador independiente',1299990,7),
(15,'Bocina Bluetooth','Altavoz portátil con sonido envolvente',89999,25),
(16,'Consola','Consola de videojuegos de última generación',1999990,9),
(17,'Tarjeta Gráfica','GPU con 8GB de memoria GDDR6X',1499990,6),
(18,'TV 55"','Televisor 4K UHD con tecnología HDR10+',2399990,11),
(19,'Router WiFi','Router de doble banda con velocidad AC1200',129999,22),
(20,'Disco Externo','Disco duro de 2TB con conexión USB 3.0',179999,17),
(21,'Batería Externa','Batería de 20000mAh con carga rápida',99999,29),
(22,'Ventilador','Ventilador de torre con oscilación automática',139999,13),
(23,'Proyector','Proyector HD con corrección trapezoidal',349999,10),
(24,'Licuadora','Licuadora con múltiples velocidades',79999,16),
(25,'Microondas','Horno microondas con pantalla digital',299999,12),
(26,'Cafetera','Cafetera automática programable',199999,10),
(27,'Plancha','Plancha de vapor con control de temperatura',69999,20),
(28,'Aspiradora','Aspiradora inalámbrica con filtros HEPA',499999,9),
(29,'Smart Plug','Enchufe inteligente compatible con asistentes',39999,42),
(30,'Timbre Inteligente','Timbre con cámara y conexión WiFi',149999,10),
(31,'Memoria RAM','Módulo de memoria RAM de 16GB DDR4',199999,18),
(32,'Fuente Solar','Panel solar portátil de alta eficiencia',259999,7),
(33,'Control Remoto','Control universal compatible con múltiples dispositivos',29999,50),
(34,'Termostato','Termostato inteligente con control remoto',179999,6),
(35,'Smart Lock','Cerradura inteligente con lector biométrico',399999,8),
(36,'Switch Ethernet','Switch de red de 8 puertos gigabit',129999,15),
(37,'Webcam','Cámara web Full HD para videollamadas',79999,23),
(38,'Repetidor Wi-Fi','Amplificador de señal inalámbrica',79999,21),
(39,'Cargador Inalámbrico','Cargador rápido por inducción',59999,30),
(40,'SSD Interno','Unidad de estado sólido de 1TB',329999,12),
(41,'Estabilizador','Estabilizador eléctrico para dispositivos electrónicos',89999,19),
(42,'HDD Externo','Disco duro portátil de 4TB',179999,15),
(43,'Micrófono','Micrófono profesional para grabación',229999,10),
(44,'Asistente Inteligente','Asistente de voz con altavoz integrado',179999,20),
(45,'Antena Wi-Fi','Amplificador de señal inalámbrica',79999,31),
(46,'Climatizador','Aire acondicionado portátil con control remoto',299999,13),
(47,'Raspberry Pi','Kit de desarrollo con Raspberry Pi',259999,8),
(48,'Capturadora','Placa de captura de video en alta resolución',299999,5),
(49,'Smart Plug','Enchufe inteligente con asistentes',39999,41),
(50,'Timbre Inteligente','Timbre con cámara WiFi',149999,10);

-- ======================================================
-- 3. INSERTAR COMENTARIOS (con IDs correctos)
-- ======================================================
INSERT INTO comentarios (id_comentario, producto_id, usuario_id, comentario, fecha) VALUES
(1, 1, 1, 'Excelente rendimiento; muy rápida. ¡Me encanta!', '2025-05-10'),
(2, 2, 2, 'Buena cámara pero la batería dura poco.', '2025-05-30'),
(3, 3, 3, 'No me gusta; pantalla de baja calidad.', '2025-06-12'),
(4, 4, 4, 'Sonido aceptable pero el material parece frágil.', '2025-06-18'),
(5, 7, 5, 'Muy buen teclado mecánico; cómodo.', '2025-06-20'),
(6, 5, 2, 'El sensor no es tan preciso como esperaba.', '2025-07-01'),
(7, 6, 3, 'Colores vibrantes y buena resolución. Muy satisfecho.', '2025-07-10'),
(8, 12, 1, 'Tarda mucho en imprimir; no me convence.', '2025-05-15'),
(9, 8, 4, 'Buena calidad de imágenes; los menús son difíciles.', '2025-06-02'),
(10, 9, 5, 'Comodidad espectacular; perfecto para llamadas.', '2025-06-12'),
(11, 11, 1, 'Perfecta; me quitó dolor de espalda.', '2025-06-20'),
(12, 25, 3, 'Calienta bien pero hace mucho ruido.', '2025-05-02'),
(13, 13, 2, 'Espaciosa y eficiente; muy recomendada.', '2025-05-22'),
(14, 13, 3, 'Lava bien pero el ciclo es muy largo.', '2025-05-28'),
(15, 5, 2, 'Hace clics feos; difícil de usar.', '2025-06-18'),
(16, 21, 5, 'Muy potente pero la batería dura poco.', '2025-06-21'),
(17, 15, 3, 'Sonido potente y buenos graves.', '2025-06-30'),
(18, 8, 4, 'Perfecta para grabaciones cortas.', '2025-07-05'),
(19, 18, 2, 'Imagen excelente pero el sonido podría mejorar.', '2025-06-27'),
(20, 20, 3, 'Buen rendimiento; la velocidad de transferencia es muy buena.', '2025-06-12'),
(21, 19, 2, 'Señal potente; cubre toda la casa.', '2025-06-13'),
(22, 33, 3, 'Cómodo y resistente; muy práctico.', '2025-06-10'),
(23, 41, 2, 'Funciona bien pero los cables son muy cortos.', '2025-06-03'),
(24, 36, 3, 'Buena velocidad de conexión.', '2025-06-29'),
(25, 15, 2, 'Sonido envolvente; buena compra.', '2025-06-20'),
(26, 18, 3, 'Imagen clara pero el precio es alto.', '2025-06-12'),
(27, 17, 1, 'Buen rendimiento; ideal para gaming.', '2025-05-27'),
(28, 23, 4, 'Perfecta para los ensamblajes.', '2025-07-02'),
(29, 31, 5, 'Expande muy bien el rendimiento del sistema.', '2025-06-06'),
(30, 32, 3, 'Energía confiable pero la batería se desgasta.', '2025-05-15'),
(31, 33, 3, 'Fácil de usar; reconoce muchos dispositivos.', '2025-07-30'),
(32, 34, 2, 'Regula bien la temperatura.', '2025-06-21'),
(33, 35, 3, 'Seguridad y tecnología en un solo dispositivo.', '2025-07-15'),
(34, 23, 2, 'La imagen no requiere casi ajustes.', '2025-05-18'),
(35, 36, 5, 'Buena velocidad de conexión.', '2025-06-26'),
(36, 37, 4, 'Perfecta para videollamadas.', '2025-06-14'),
(37, 15, 3, 'Buenas opciones de colores; buen diseño.', '2025-07-10'),
(38, 39, 1, 'Carga bien pero con ciertos modelos falla.', '2025-06-30'),
(39, 41, 2, 'Carga rápido pero requiere voltaje constante.', '2025-05-30'),
(40, 40, 3, 'Mucho espacio; resistente y confiable.', '2025-07-14'),
(41, 42, 4, 'Calienta un poco pero la transferencia es rápida.', '2025-07-10'),
(42, 43, 5, 'Excelente para comandos de voz; útil en clases.', '2025-07-18'),
(43, 45, 3, 'Amplifica bien la señal; área amplia sin limitación.', '2025-06-22'),
(44, 47, 4, 'Enfría rápido pero es algo ruidoso.', '2025-06-25'),
(45, 48, 4, 'Buena opción para streamers.', '2025-07-02'),
(46, 29, 1, 'Muy práctico; fácil de conectar y configurar.', '2025-06-28'),
(47, 30, 1, 'Buena cámara; útil para seguridad.', '2025-05-06');

